query	warm_runs	cold_exec_ms	cold_plan_ms	min_ms	median_ms	max_ms	planning_median_ms	rows_top_node	shared_hit_top	shared_read_top
a01_rm_cat_city_lang_price_rating_travel_by_score	10	2.915	0.944	0.183	0.191	0.239	0.026	20.00	728	0
a02_rm_same_plus_available_today	10	4.945	0.536	1.275	1.419	1.677	0.033	20.00	1170	0
a03_rm_popular_cat_city_by_score_page1	10	1.306	0.443	0.147	0.151	0.181	0.020	20.00	642	0
a04_rm_keyset_page2	10	1.072	0.035	0.128	0.130	0.161	0.019	20.00	505	0
a05_rm_offset_deep_page	10	1.798	0.393	0.238	0.251	0.312	0.018	20.00	1026	0
a06_rm_keyset_deep_page	10	0.101	0.065	0.011	0.013	0.015	0.015	20.00	24	0
a07_norm_join_equivalent_of_a01	10	4.768	1.154	0.851	0.869	0.927	0.165	20.00	4204	0
a08_norm_join_popular_cat_city	10	1.155	0.502	0.330	0.350	0.371	0.060	20.00	2190	0
a09_rm_radius5km_cat_lang_by_distance	10	9.318	10.752	1.115	1.185	1.282	0.290	20.00	708	0
a10_rm_knn_nearest_cat	10	7.462	6.294	0.723	0.750	0.771	0.021	20.00	991	0
a11_rm_travels_to_client_point	10	13.675	7.380	7.009	7.285	7.864	0.286	20.00	1351	0
a12_norm_radius5km_cat_by_distance	10	27.507	7.037	13.660	14.082	15.199	0.563	20.00	26536	0
a13_rm_fts_ru_elektrik_city_by_rank	10	4.714	1.217	2.285	2.420	3.142	0.041	20.00	1066	0
a14_rm_fts_sr_vodoinstalater_by_rank	10	5.300	1.398	1.809	1.836	2.004	0.030	20.00	1386	0
a15_rm_fts_phrase_washer_ru	10	7.208	1.096	4.205	4.467	4.565	0.045	20.00	1134	0
a16_rm_fts_sr_cyrillic	10	13.520	1.127	9.005	9.227	9.305	0.037	20.00	2576	0
a17_rm_fts_broad_remont_rank_all	10	23.110	1.051	15.319	15.622	18.263	0.049	20.00	6659	0
a18_rm_fts_cat_radius_by_score	10	6.937	8.061	1.257	1.313	1.432	0.276	20.00	567	0
a19_rm_districts_cat_by_score	10	2.536	0.466	0.686	0.710	0.917	0.019	20.00	661	0
a20_rm_fts_own_text_only_elektrik	10	3.218	1.117	1.486	1.591	1.693	0.046	20.00	622	0
a21_rm_rare_cat_city_by_score_pitfall	10	0.064	0.089	0.047	0.051	0.054	0.026	20.00	102	0
b01_board_cats_city_fresh_page1	10	0.521	0.468	0.028	0.029	0.042	0.025	20.00	164	0
b02_board_keyset_page2	10	0.411	0.096	0.043	0.044	0.058	0.032	20.00	234	0
b03_board_radius10km_cats_urgency_budget	10	14.029	6.989	7.464	7.694	8.322	0.437	20.00	3601	0
b04_board_districts_subtree_fresh	10	1.252	0.613	0.376	0.406	0.464	0.065	20.00	1881	0
b05_board_city_fresh_default_feed	10	0.092	0.369	0.008	0.011	0.015	0.023	20.00	22	0
b06_board_fts_open	10	0.694	1.294	0.164	0.183	0.197	0.054	20.00	544	0
b07_board_feed_for_specialist_subscriptions	10	18.979	6.400	17.539	18.218	22.561	0.084	20.00	46243	0
b08_board_feed_for_specialist_optimized	10	0.725	6.629	0.247	0.253	0.283	0.068	20.00	285	0
c01_match_arrays_or	10	9.707	6.633	6.682	7.226	8.175	0.064	317.00	1448	0
c02_match_arrays_union	10	9.039	6.869	2.665	2.899	3.243	0.049	317.00	7963	0
c03_match_link_tables	10	6.940	6.781	3.921	3.992	4.112	0.072	317.00	19063	0
c04_match_center_radius_per_row	10	11.590	6.219	6.517	6.760	7.480	0.034	260.00	1439	0
c05_match_center_radius_bounded	10	7.576	6.576	6.555	6.787	7.797	0.384	260.00	1439	0
c06_match_area_polygon_only	10	4.542	6.282	1.954	2.046	3.142	0.032	260.00	6544	0
d01_ac_prefix_btree	10	0.043	0.942	0.009	0.010	0.013	0.028	3.00	11	0
d02_ac_prefix_sr_cyr	10	0.054	1.093	0.006	0.007	0.023	0.036	2.00	5	0
d03_ac_typo_similarity_ru	10	0.225	1.021	0.085	0.115	0.189	0.198	10.00	16	0
d04_ac_typo_word_similarity_sr	10	0.217	1.122	0.095	0.098	0.116	0.217	6.00	16	0
d05_ac_knn_gist_manikur	10	0.250	0.850	0.090	0.102	0.118	0.019	10.00	20	0
d06_ac_combined_prefix_or_fuzzy	10	0.340	0.991	0.153	0.176	0.191	0.043	8.00	38	0
e01_specialist_name_trgm	10	12.731	1.068	7.351	7.462	11.138	0.172	10.00	1397	0
