clients	tps	script	tx	p50_ms	p95_ms	p99_ms	max_ms
1	732.655291	0	5514	0.50	0.85	1.05	2.25
1	732.655291	1	3221	1.41	1.85	2.14	14.48
1	732.655291	2	4416	3.39	7.92	8.46	12.97
1	732.655291	3	3335	0.25	0.43	0.57	2.60
1	732.655291	4	1050	1.37	4.23	4.53	4.73
1	732.655291	5	1125	1.00	1.50	1.77	4.82
1	732.655291	6	2217	0.25	0.33	0.40	1.26
1	732.655291	7	876	1.04	1.47	1.84	2.53
1	732.655291	8	224	0.44	0.71	0.82	1.84
1	732.655291	ALL	21978	0.77	4.59	7.92	14.48
8	2604.163631	0	19601	0.61	0.99	44.73	57.69
8	2604.163631	1	11886	1.69	2.99	52.94	59.06
8	2604.163631	2	15519	3.73	51.36	57.74	64.58
8	2604.163631	3	11923	0.29	0.51	1.43	55.47
8	2604.163631	4	3783	1.80	41.30	55.52	61.31
8	2604.163631	5	3905	1.21	2.01	51.07	56.42
8	2604.163631	6	7617	0.30	0.41	0.97	56.39
8	2604.163631	7	3158	1.24	2.02	51.39	57.85
8	2604.163631	8	803	0.50	0.94	49.29	55.19
8	2604.163631	ALL	78195	0.92	7.27	53.36	64.58
16	1885.874606	0	14240	0.98	3.75	73.20	80.52
16	1885.874606	1	8297	2.44	72.47	76.39	84.85
16	1885.874606	2	11389	5.81	79.98	86.21	95.34
16	1885.874606	3	8577	0.56	3.01	71.95	79.28
16	1885.874606	4	2834	2.99	74.91	79.89	96.41
16	1885.874606	5	2792	1.87	70.84	75.44	80.39
16	1885.874606	6	5638	0.57	2.53	70.71	79.10
16	1885.874606	7	2235	3.08	75.43	79.43	88.57
16	1885.874606	8	548	1.41	70.28	76.09	80.49
16	1885.874606	ALL	56550	1.73	73.29	80.39	96.41
32	1832.875001	0	13729	1.70	73.00	78.43	96.61
32	1832.875001	1	8281	4.05	77.98	83.20	102.90
32	1832.875001	2	11059	14.04	98.48	110.81	201.17
32	1832.875001	3	8352	1.02	71.40	77.08	87.05
32	1832.875001	4	2637	5.81	86.17	95.43	179.62
32	1832.875001	5	2774	3.07	76.36	81.77	90.48
32	1832.875001	6	5465	1.02	72.01	76.81	82.92
32	1832.875001	7	2142	10.46	87.96	94.43	103.96
32	1832.875001	8	568	6.61	83.06	89.17	93.79
32	1832.875001	ALL	55007	3.39	84.90	98.73	201.17
